/*!999999\- enable the sandbox mode */ 
-- MariaDB dump 10.19  Distrib 10.6.18-MariaDB, for debian-linux-gnu (aarch64)
--
-- Host: 127.0.0.1    Database: db
-- ------------------------------------------------------
-- Server version	10.11.8-MariaDB-ubu2204-log

/*!40101 SET @OLD_CHARACTER_SET_CLIENT=@@CHARACTER_SET_CLIENT */;
/*!40101 SET @OLD_CHARACTER_SET_RESULTS=@@CHARACTER_SET_RESULTS */;
/*!40101 SET @OLD_COLLATION_CONNECTION=@@COLLATION_CONNECTION */;
/*!40101 SET NAMES utf8mb4 */;
/*!40103 SET @OLD_TIME_ZONE=@@TIME_ZONE */;
/*!40103 SET TIME_ZONE='+00:00' */;
/*!40014 SET @OLD_UNIQUE_CHECKS=@@UNIQUE_CHECKS, UNIQUE_CHECKS=0 */;
/*!40014 SET @OLD_FOREIGN_KEY_CHECKS=@@FOREIGN_KEY_CHECKS, FOREIGN_KEY_CHECKS=0 */;
/*!40101 SET @OLD_SQL_MODE=@@SQL_MODE, SQL_MODE='NO_AUTO_VALUE_ON_ZERO' */;
/*!40111 SET @OLD_SQL_NOTES=@@SQL_NOTES, SQL_NOTES=0 */;

--
-- Table structure for table `addresses`
--

DROP TABLE IF EXISTS `addresses`;
/*!40101 SET @saved_cs_client     = @@character_set_client */;
/*!40101 SET character_set_client = utf8 */;
CREATE TABLE `addresses` (
  `id` bigint(20) unsigned NOT NULL AUTO_INCREMENT,
  `country` varchar(255) NOT NULL,
  `city` varchar(255) NOT NULL,
  `street` varchar(255) NOT NULL,
  `additional_information` blob NOT NULL,
  `created_at` timestamp NULL DEFAULT NULL,
  `updated_at` timestamp NULL DEFAULT NULL,
  PRIMARY KEY (`id`)
) ENGINE=InnoDB AUTO_INCREMENT=27 DEFAULT CHARSET=utf8mb4 COLLATE=utf8mb4_unicode_ci;
/*!40101 SET character_set_client = @saved_cs_client */;

--
-- Dumping data for table `addresses`
--

LOCK TABLES `addresses` WRITE;
/*!40000 ALTER TABLE `addresses` DISABLE KEYS */;
INSERT INTO `addresses` VALUES (1,'Latvija','Riga','Brivibas street 32','Dzivoklis Nr. 15',NULL,NULL),(2,'Latvija','Riga','Brivibas street 32','Dzivoklis Nr. 15',NULL,NULL),(3,'Latvija','Riga','Brivibas street 32','Dzivoklis Nr. 15',NULL,NULL),(4,'Latvija','Riga','Brivibas street 32','Dzivoklis Nr. 15',NULL,NULL),(5,'Latvija','Riga','Brivibas street 32','Dzivoklis Nr. 15',NULL,NULL),(6,'Latvija','Riga','Brivibas street 32','Dzivoklis Nr. 15',NULL,NULL),(7,'Latvija','Kekavas novads','Kalna majas','',NULL,NULL),(8,'Latvija','Cesis','Raunas street 7','Pie veikala \"LaTS\"',NULL,NULL),(9,'Latvija','Valmieras novads','Meža ipašums \"Zalmeži\"','',NULL,NULL),(10,'Latvija','Riga','Gertrudes street 10','3. stavs, 2. dzivoklis',NULL,NULL),(11,'Latvija','Daugavpils','Vienibas street 25','',NULL,NULL),(12,'Latvija','Liepaja','Lstreet street 18','Viesu nams \"Juras Perle\"',NULL,NULL),(13,'Latvija','Jelgava','Akademijas street 1','',NULL,NULL),(14,'Latvija','Jurmala','Jomas street 59','Pie pludmales',NULL,NULL),(15,'Latvija','Ventspils','Lstreetis prospekts 33','',NULL,NULL),(16,'Latvija','Rezekne','Atbrivošanas aleja 101','Pie stadiona',NULL,NULL),(17,'Latvija','Ogre','Brivibas street 1','',NULL,NULL),(18,'Latvija','Valmiera','Rigas street 22','Veikals \"Maxima\"',NULL,NULL),(19,'Latvija','Jekabpils','Rigas street 214','',NULL,NULL),(20,'Latvija','Tukums','Talsu street 15','Partikas veikals',NULL,NULL),(21,'Latvija','Salaspils','Miera street 12','',NULL,NULL),(22,'Latvija','Olaine','Meža street 5','Pie ezera',NULL,NULL),(23,'Latvija','Kuldiga','Ventas rumba 2','',NULL,NULL),(24,'Latvija','Sigulda','Pils street 18','Pie Gutmana alas',NULL,NULL),(25,'Latvija','Dobele','Baznicas laukums 1','',NULL,NULL),(26,'Latvija','Talsi','Lstreet street 1','Tirdzniecibas centrs',NULL,NULL);
/*!40000 ALTER TABLE `addresses` ENABLE KEYS */;
UNLOCK TABLES;



--
-- Table structure for table `clients`
--

DROP TABLE IF EXISTS `clients`;
/*!40101 SET @saved_cs_client     = @@character_set_client */;
/*!40101 SET character_set_client = utf8 */;
CREATE TABLE `clients` (
  `id` bigint(20) unsigned NOT NULL AUTO_INCREMENT,
  `address_id` bigint(20) unsigned NOT NULL,
  `name` varchar(255) NOT NULL,
  `identifier` varchar(11) NOT NULL,
  `additional_information` blob NOT NULL,
  `created_at` timestamp NULL DEFAULT NULL,
  `updated_at` timestamp NULL DEFAULT NULL,
  PRIMARY KEY (`id`),
  UNIQUE KEY `clients_identifier_unique` (`identifier`)
) ENGINE=InnoDB AUTO_INCREMENT=11 DEFAULT CHARSET=utf8mb4 COLLATE=utf8mb4_unicode_ci;
/*!40101 SET character_set_client = @saved_cs_client */;

--
-- Dumping data for table `clients`
--

LOCK TABLES `clients` WRITE;
/*!40000 ALTER TABLE `clients` DISABLE KEYS */;
INSERT INTO `clients` VALUES (1,1,'Janis Berzins','12345678901','Privatpersona',NULL,NULL),(2,1,'Saksts Termons','12335678901','Privatpersona',NULL,NULL),(3,6,'Anna Kalnina','23456789012','Privatpersona',NULL,NULL),(4,9,'Peteris Ozols','34567890123','Privatpersona',NULL,NULL),(5,12,'Liga Liepina','45678901234','Privatpersona',NULL,NULL),(6,28,'Ieva Ozolina','56789012345','Privatpersona',NULL,NULL),(7,5,'SIA Rigas Nami','0003012345 ','Uznemums, nekustamo ipašumu apsaimniekošana',NULL,NULL),(8,14,'SIA Buve','40003067890','Uznemums, buvniecibas pakalpojumi',NULL,NULL),(9,16,'SIA Transporta Serviss','40003123456','Uznemums, transporta pakalpojumi',NULL,NULL),(10,45,'GALVENAIS UZNEMUMS','11111111111','GALVENAIS UZNEMUMS',NULL,NULL);
/*!40000 ALTER TABLE `clients` ENABLE KEYS */;
UNLOCK TABLES;

--
-- Table structure for table `devices`
--

DROP TABLE IF EXISTS `devices`;
/*!40101 SET @saved_cs_client     = @@character_set_client */;
/*!40101 SET character_set_client = utf8 */;
CREATE TABLE `devices` (
  `id` bigint(20) unsigned NOT NULL AUTO_INCREMENT,
  `property_id` bigint(20) unsigned NOT NULL,
  `manudacturer` varchar(255) NOT NULL,
  `model` varchar(255) NOT NULL,
  `serial_number` varchar(255) NOT NULL,
  `created_at` timestamp NULL DEFAULT NULL,
  `updated_at` timestamp NULL DEFAULT NULL,
  `additional_information` blob NOT NULL,
  `provided_at` timestamp NOT NULL,
  PRIMARY KEY (`id`)
) ENGINE=InnoDB AUTO_INCREMENT=15690 DEFAULT CHARSET=utf8mb4 COLLATE=utf8mb4_unicode_ci;
/*!40101 SET character_set_client = @saved_cs_client */;

--
-- Dumping data for table `devices`
--

LOCK TABLES `devices` WRITE;
/*!40000 ALTER TABLE `devices` DISABLE KEYS */;
INSERT INTO `devices` VALUES (15610,37,'Davis Instruments','Vantage Vue','1794C1203E',NULL,NULL,'GALVENA NOLIKTAVA','2017-12-12 00:00:00'),(15611,18,'Davis Instruments','Vantage Vue','0A8DF06297',NULL,NULL,'GALVENA NOLIKTAVA','2024-06-17 00:00:00'),(15612,37,'Davis Instruments','Vantage Vue','74CB18C8CD',NULL,NULL,'GALVENA NOLIKTAVA','0000-00-00 00:00:00'),(15613,37,'Davis Instruments','Vantage Vue','5AC69FDE0E',NULL,NULL,'GALVENA NOLIKTAVA','0000-00-00 00:00:00'),(15614,37,'Davis Instruments','Vantage Vue','5363F0E18D',NULL,NULL,'GALVENA NOLIKTAVA','0000-00-00 00:00:00'),(15615,37,'Davis Instruments','Vantage Vue','1C208D97D1',NULL,NULL,'GALVENA NOLIKTAVA','0000-00-00 00:00:00'),(15616,37,'Davis Instruments','Vantage Vue','AEBFA242DE',NULL,NULL,'GALVENA NOLIKTAVA','0000-00-00 00:00:00'),(15617,37,'Davis Instruments','Vantage Vue','6C845621BF',NULL,NULL,'GALVENA NOLIKTAVA','0000-00-00 00:00:00'),(15618,37,'Davis Instruments','Vantage Vue','7AE6DD7448',NULL,NULL,'GALVENA NOLIKTAVA','0000-00-00 00:00:00'),(15619,37,'Davis Instruments','Vantage Vue','DCD2BA1E30',NULL,NULL,'GALVENA NOLIKTAVA','0000-00-00 00:00:00'),(15620,1,'Oren Scientific','WMR86','CDEBFF13D4',NULL,NULL,'GALVENA NOLIKTAVA','2024-06-17 00:00:00'),(15621,2,'Oren Scientific','WMR86','9C63B4CD46',NULL,NULL,'GALVENA NOLIKTAVA','2024-06-04 00:00:00'),(15622,37,'Oren Scientific','WMR86','2A4A8DF97A',NULL,NULL,'GALVENA NOLIKTAVA','0000-00-00 00:00:00'),(15623,37,'Oren Scientific','WMR86','0829AB7671',NULL,NULL,'GALVENA NOLIKTAVA','0000-00-00 00:00:00'),(15624,37,'Oren Scientific','WMR86','49F28812FD',NULL,NULL,'GALVENA NOLIKTAVA','0000-00-00 00:00:00'),(15625,37,'Oren Scientific','WMR86','2A6AE7394C',NULL,NULL,'GALVENA NOLIKTAVA','0000-00-00 00:00:00'),(15626,37,'Oren Scientific','WMR86','1BC6012F82',NULL,NULL,'GALVENA NOLIKTAVA','0000-00-00 00:00:00'),(15627,37,'Oren Scientific','WMR86','B61757C156',NULL,NULL,'GALVENA NOLIKTAVA','0000-00-00 00:00:00'),(15628,37,'Oren Scientific','WMR86','9C24398A02',NULL,NULL,'GALVENA NOLIKTAVA','0000-00-00 00:00:00'),(15629,37,'Oren Scientific','WMR86','29EB0615A9',NULL,NULL,'GALVENA NOLIKTAVA','0000-00-00 00:00:00'),(15630,37,'Davis Instruments','Vantage Vue','AA7F9426ED    ',NULL,NULL,'GALVENA NOLIKTAVA','0000-00-00 00:00:00'),(15631,37,'Davis Instruments','Vantage Vue','EA7CBEFBCD    ',NULL,NULL,'GALVENA NOLIKTAVA','0000-00-00 00:00:00'),(15632,37,'Davis Instruments','Vantage Vue','0C198D3323    ',NULL,NULL,'GALVENA NOLIKTAVA','0000-00-00 00:00:00'),(15633,37,'Davis Instruments','Vantage Vue','F923ED95B2    ',NULL,NULL,'GALVENA NOLIKTAVA','0000-00-00 00:00:00'),(15634,37,'Davis Instruments','Vantage Vue','D99290A196    ',NULL,NULL,'GALVENA NOLIKTAVA','0000-00-00 00:00:00'),(15635,37,'Davis Instruments','Vantage Vue','15138396EF    ',NULL,NULL,'GALVENA NOLIKTAVA','0000-00-00 00:00:00'),(15636,37,'Davis Instruments','Vantage Vue','3C671AF564    ',NULL,NULL,'GALVENA NOLIKTAVA','0000-00-00 00:00:00'),(15637,37,'Davis Instruments','Vantage Vue','D13E7B3DDA    ',NULL,NULL,'GALVENA NOLIKTAVA','0000-00-00 00:00:00'),(15638,37,'Davis Instruments','Vantage Vue','3217BFFB45    ',NULL,NULL,'GALVENA NOLIKTAVA','0000-00-00 00:00:00'),(15639,37,'Davis Instruments','Vantage Vue','A347297C8E    ',NULL,NULL,'GALVENA NOLIKTAVA','0000-00-00 00:00:00'),(15640,37,'Oren Scientific','WMR86','B33B818854',NULL,NULL,'GALVENA NOLIKTAVA','0000-00-00 00:00:00'),(15641,37,'Oren Scientific','WMR86','14C2C409B5',NULL,NULL,'GALVENA NOLIKTAVA','0000-00-00 00:00:00'),(15642,37,'Oren Scientific','WMR86','32FB95FA28',NULL,NULL,'GALVENA NOLIKTAVA','0000-00-00 00:00:00'),(15643,37,'Oren Scientific','WMR86','9584A6C2C8',NULL,NULL,'GALVENA NOLIKTAVA','0000-00-00 00:00:00'),(15644,37,'Oren Scientific','WMR86','29F380AC91',NULL,NULL,'GALVENA NOLIKTAVA','0000-00-00 00:00:00'),(15645,37,'Oren Scientific','WMR86','CE42D2E807',NULL,NULL,'GALVENA NOLIKTAVA','0000-00-00 00:00:00'),(15646,37,'Oren Scientific','WMR86','B5B777C151',NULL,NULL,'GALVENA NOLIKTAVA','0000-00-00 00:00:00'),(15647,37,'Oren Scientific','WMR86','C56ABEF3B6',NULL,NULL,'GALVENA NOLIKTAVA','0000-00-00 00:00:00'),(15648,37,'Oren Scientific','WMR86','31861EADD8',NULL,NULL,'GALVENA NOLIKTAVA','0000-00-00 00:00:00'),(15649,37,'Oren Scientific','WMR86','936505943D',NULL,NULL,'GALVENA NOLIKTAVA','0000-00-00 00:00:00'),(15650,37,'Davis Instruments','Vantage Vue','3B7B6DE50F    ',NULL,NULL,'GALVENA NOLIKTAVA','0000-00-00 00:00:00'),(15651,37,'Davis Instruments','Vantage Vue','440A5CD567    ',NULL,NULL,'GALVENA NOLIKTAVA','0000-00-00 00:00:00'),(15652,37,'Davis Instruments','Vantage Vue','6C250A0697    ',NULL,NULL,'GALVENA NOLIKTAVA','0000-00-00 00:00:00'),(15653,37,'Davis Instruments','Vantage Vue','270D8EDB56    ',NULL,NULL,'GALVENA NOLIKTAVA','0000-00-00 00:00:00'),(15654,37,'Davis Instruments','Vantage Vue','339E1B146C    ',NULL,NULL,'GALVENA NOLIKTAVA','0000-00-00 00:00:00'),(15655,37,'Davis Instruments','Vantage Vue','3EE3851E11    ',NULL,NULL,'GALVENA NOLIKTAVA','0000-00-00 00:00:00'),(15656,37,'Davis Instruments','Vantage Vue','B20C051A02    ',NULL,NULL,'GALVENA NOLIKTAVA','0000-00-00 00:00:00'),(15657,37,'Davis Instruments','Vantage Vue','C7DF4D2F4C    ',NULL,NULL,'GALVENA NOLIKTAVA','0000-00-00 00:00:00'),(15658,37,'Davis Instruments','Vantage Vue','C9A66FA08F    ',NULL,NULL,'GALVENA NOLIKTAVA','0000-00-00 00:00:00'),(15659,37,'Davis Instruments','Vantage Vue','30824249E7    ',NULL,NULL,'GALVENA NOLIKTAVA','0000-00-00 00:00:00'),(15660,37,'Oren Scientific','WMR86','2E56B05EE3',NULL,NULL,'GALVENA NOLIKTAVA','0000-00-00 00:00:00'),(15661,37,'Oren Scientific','WMR86','93CD5B44CA',NULL,NULL,'GALVENA NOLIKTAVA','0000-00-00 00:00:00'),(15662,37,'Oren Scientific','WMR86','EE11B822A0',NULL,NULL,'GALVENA NOLIKTAVA','0000-00-00 00:00:00'),(15663,37,'Oren Scientific','WMR86','4676D154D7',NULL,NULL,'GALVENA NOLIKTAVA','0000-00-00 00:00:00'),(15664,37,'Oren Scientific','WMR86','143F9C08C7',NULL,NULL,'GALVENA NOLIKTAVA','0000-00-00 00:00:00'),(15665,37,'Oren Scientific','WMR86','6C9605D1B0',NULL,NULL,'GALVENA NOLIKTAVA','0000-00-00 00:00:00'),(15666,37,'Oren Scientific','WMR86','2FA3663501',NULL,NULL,'GALVENA NOLIKTAVA','0000-00-00 00:00:00'),(15667,37,'Oren Scientific','WMR86','C06DB79720',NULL,NULL,'GALVENA NOLIKTAVA','0000-00-00 00:00:00'),(15668,37,'Oren Scientific','WMR86','66F421E94A',NULL,NULL,'GALVENA NOLIKTAVA','0000-00-00 00:00:00'),(15669,37,'Oren Scientific','WMR86','2663F5C017',NULL,NULL,'GALVENA NOLIKTAVA','0000-00-00 00:00:00'),(15670,37,'Davis Instruments','Vantage Vue','155F81CBF4    ',NULL,NULL,'GALVENA NOLIKTAVA','0000-00-00 00:00:00'),(15671,37,'Davis Instruments','Vantage Vue','EB79900AA7    ',NULL,NULL,'GALVENA NOLIKTAVA','0000-00-00 00:00:00'),(15672,37,'Davis Instruments','Vantage Vue','A353A41091    ',NULL,NULL,'GALVENA NOLIKTAVA','0000-00-00 00:00:00'),(15673,37,'Davis Instruments','Vantage Vue','0E7A0341A0    ',NULL,NULL,'GALVENA NOLIKTAVA','0000-00-00 00:00:00'),(15674,37,'Davis Instruments','Vantage Vue','94FD86A306    ',NULL,NULL,'GALVENA NOLIKTAVA','0000-00-00 00:00:00'),(15675,37,'Davis Instruments','Vantage Vue','CBEDEACB52    ',NULL,NULL,'GALVENA NOLIKTAVA','0000-00-00 00:00:00'),(15676,37,'Davis Instruments','Vantage Vue','2567491CD5    ',NULL,NULL,'GALVENA NOLIKTAVA','0000-00-00 00:00:00'),(15677,37,'Davis Instruments','Vantage Vue','E37B73DD1B    ',NULL,NULL,'GALVENA NOLIKTAVA','0000-00-00 00:00:00'),(15678,37,'Davis Instruments','Vantage Vue','0F61FDF6C8    ',NULL,NULL,'GALVENA NOLIKTAVA','0000-00-00 00:00:00'),(15679,37,'Davis Instruments','Vantage Vue','7383EF03D9    ',NULL,NULL,'GALVENA NOLIKTAVA','0000-00-00 00:00:00'),(15680,37,'Oren Scientific','WMR86','BCCA3862CE',NULL,NULL,'GALVENA NOLIKTAVA','0000-00-00 00:00:00'),(15681,37,'Oren Scientific','WMR86','031C576CF7',NULL,NULL,'GALVENA NOLIKTAVA','0000-00-00 00:00:00'),(15682,37,'Oren Scientific','WMR86','C841F87E7C',NULL,NULL,'GALVENA NOLIKTAVA','0000-00-00 00:00:00'),(15683,37,'Oren Scientific','WMR86','E27780CBBE',NULL,NULL,'GALVENA NOLIKTAVA','0000-00-00 00:00:00'),(15684,37,'Oren Scientific','WMR86','62BDE95D94',NULL,NULL,'GALVENA NOLIKTAVA','0000-00-00 00:00:00'),(15685,37,'Oren Scientific','WMR86','D2BE26D83D',NULL,NULL,'GALVENA NOLIKTAVA','0000-00-00 00:00:00'),(15686,37,'Oren Scientific','WMR86','27B17685D0',NULL,NULL,'GALVENA NOLIKTAVA','0000-00-00 00:00:00'),(15687,37,'Oren Scientific','WMR86','F3D90D4C99',NULL,NULL,'GALVENA NOLIKTAVA','0000-00-00 00:00:00'),(15688,37,'Oren Scientific','WMR86','FA3AD11A1C',NULL,NULL,'GALVENA NOLIKTAVA','0000-00-00 00:00:00'),(15689,37,'Oren Scientific','WMR86','CF77E4B7E0',NULL,NULL,'GALVENA NOLIKTAVA','0000-00-00 00:00:00');
/*!40000 ALTER TABLE `devices` ENABLE KEYS */;
UNLOCK TABLES;


--
-- Table structure for table `properties`
--

DROP TABLE IF EXISTS `properties`;
/*!40101 SET @saved_cs_client     = @@character_set_client */;
/*!40101 SET character_set_client = utf8 */;
CREATE TABLE `properties` (
  `id` bigint(20) unsigned NOT NULL AUTO_INCREMENT,
  `address_id` bigint(20) unsigned NOT NULL,
  `client_id` bigint(20) unsigned NOT NULL,
  `name` varchar(255) NOT NULL,
  `additional_information` blob NOT NULL,
  `created_at` timestamp NULL DEFAULT NULL,
  `updated_at` timestamp NULL DEFAULT NULL,
  PRIMARY KEY (`id`)
) ENGINE=InnoDB AUTO_INCREMENT=38 DEFAULT CHARSET=utf8mb4 COLLATE=utf8mb4_unicode_ci;
/*!40101 SET character_set_client = @saved_cs_client */;

--
-- Dumping data for table `properties`
--

LOCK TABLES `properties` WRITE;
/*!40000 ALTER TABLE `properties` DISABLE KEYS */;
INSERT INTO `properties` VALUES (1,33,1,'Nosaukums1','additional_information',NULL,NULL),(2,34,3,'Nosaukums2','additional_information',NULL,NULL),(3,35,4,'Nosaukums3','additional_information',NULL,NULL),(4,36,5,'Nosaukums4','additional_information',NULL,NULL),(5,37,8,'Nosaukums5','additional_information',NULL,NULL),(6,38,10,'Nosaukums6','additional_information',NULL,NULL),(7,39,10,'Nosaukums7','additional_information',NULL,NULL),(8,40,10,'Nosaukums8','additional_information',NULL,NULL),(9,41,10,'Nosaukums9','additional_information',NULL,NULL),(10,42,10,'Nosaukums0','additional_information',NULL,NULL),(11,43,10,'Nosaukums11','additional_information',NULL,NULL),(12,44,10,'Nosaukums12','additional_information',NULL,NULL),(13,2,10,'Nosaukums13','additional_information',NULL,NULL),(14,3,10,'Nosaukums14','additional_information',NULL,NULL),(15,4,10,'Nosaukums15','additional_information',NULL,NULL),(16,7,10,'Nosaukums16','additional_information',NULL,NULL),(17,8,10,'Nosaukums17','additional_information',NULL,NULL),(18,10,10,'Nosaukums18','additional_information',NULL,NULL),(19,11,10,'Nosaukums19','additional_information',NULL,NULL),(20,13,10,'Nosaukums20','additional_information',NULL,NULL),(21,15,9,'Nosaukums21','additional_information',NULL,NULL),(22,17,9,'Nosaukums22','additional_information',NULL,NULL),(23,18,9,'Nosaukums23','additional_information',NULL,NULL),(24,19,9,'Nosaukums24','additional_information',NULL,NULL),(25,20,9,'Nosaukums25','additional_information',NULL,NULL),(26,21,9,'Nosaukums26','additional_information',NULL,NULL),(27,22,9,'Nosaukums27','additional_information',NULL,NULL),(28,23,9,'Nosaukums28','additional_information',NULL,NULL),(29,24,9,'Nosaukums29','additional_information',NULL,NULL),(30,25,9,'Nosaukums30','additional_information',NULL,NULL),(31,26,9,'Nosaukums31','additional_information',NULL,NULL),(32,27,9,'Nosaukums32','additional_information',NULL,NULL),(33,29,9,'Nosaukums33','additional_information',NULL,NULL),(34,30,9,'Nosaukums34','additional_information',NULL,NULL),(35,31,9,'Nosaukums35','additional_information',NULL,NULL),(36,32,9,'Nosaukums36','additional_information',NULL,NULL),(37,45,12,'GALVENA NOLIKTAVA','GALVENAIS UZNEMUMS',NULL,NULL);
/*!40000 ALTER TABLE `properties` ENABLE KEYS */;
UNLOCK TABLES;

--
-- Table structure for table `readings`
--

DROP TABLE IF EXISTS `readings`;
/*!40101 SET @saved_cs_client     = @@character_set_client */;
/*!40101 SET character_set_client = utf8 */;
CREATE TABLE `readings` (
  `id` bigint(20) unsigned NOT NULL AUTO_INCREMENT,
  `sensor_id` bigint(20) unsigned NOT NULL,
  `read_at` timestamp NOT NULL,
  `created_at` timestamp NULL DEFAULT NULL,
  `updated_at` timestamp NULL DEFAULT NULL,
  `device_id` bigint(20) DEFAULT NULL,
  `reading` varchar(255) DEFAULT NULL,
  PRIMARY KEY (`id`),
  KEY `readings_sensor_id_foreign` (`sensor_id`),
  CONSTRAINT `readings_sensor_id_foreign` FOREIGN KEY (`sensor_id`) REFERENCES `sensors` (`id`) ON DELETE CASCADE
) ENGINE=InnoDB AUTO_INCREMENT=1005 DEFAULT CHARSET=utf8mb4 COLLATE=utf8mb4_unicode_ci;
/*!40101 SET character_set_client = @saved_cs_client */;

--
-- Dumping data for table `readings`
--

LOCK TABLES `readings` WRITE;
/*!40000 ALTER TABLE `readings` DISABLE KEYS */;
INSERT INTO `readings` VALUES (1,6548,'2024-06-04 00:00:00',NULL,NULL,15611,'26.42'),(2,6548,'2024-06-04 01:00:00',NULL,NULL,15611,'23.7'),(3,6548,'2024-06-04 02:00:00',NULL,NULL,15611,'29.97'),(4,6548,'2024-06-04 03:00:00',NULL,NULL,15611,'26.64'),(5,6548,'2024-06-04 04:00:00',NULL,NULL,15611,'25.39'),(6,6548,'2024-06-04 05:00:00',NULL,NULL,15611,'24.78'),(7,6548,'2024-06-04 06:00:00',NULL,NULL,15611,'25.74'),(8,6548,'2024-06-04 07:00:00',NULL,NULL,15611,'26.38'),(9,6548,'2024-06-04 08:00:00',NULL,NULL,15611,'26.32'),(10,6548,'2024-06-04 09:00:00',NULL,NULL,15611,'22.48'),(11,6548,'2024-06-04 10:00:00',NULL,NULL,15611,'29.28'),(12,6548,'2024-06-04 11:00:00',NULL,NULL,15611,'26.76'),(13,6548,'2024-06-04 12:00:00',NULL,NULL,15611,'25.2'),(14,6548,'2024-06-04 13:00:00',NULL,NULL,15611,'24.04'),(15,6548,'2024-06-04 14:00:00',NULL,NULL,15611,'27.15'),(16,6548,'2024-06-04 15:00:00',NULL,NULL,15611,'24.85'),(17,6548,'2024-06-04 16:00:00',NULL,NULL,15611,'24.04'),(18,6548,'2024-06-04 17:00:00',NULL,NULL,15611,'26.49'),(19,6548,'2024-06-04 18:00:00',NULL,NULL,15611,'23.41'),(20,6548,'2024-06-04 19:00:00',NULL,NULL,15611,'23.26'),(1002,6548,'2024-06-17 00:00:00',NULL,NULL,15611,'26.42'),(1003,6548,'2024-06-17 00:00:00',NULL,NULL,15611,'26.42'),(1004,6548,'2024-06-17 00:00:00',NULL,NULL,15611,'26.42');
/*!40000 ALTER TABLE `readings` ENABLE KEYS */;
UNLOCK TABLES;

--
-- Table structure for table `sensors`
--

DROP TABLE IF EXISTS `sensors`;
/*!40101 SET @saved_cs_client     = @@character_set_client */;
/*!40101 SET character_set_client = utf8 */;
CREATE TABLE `sensors` (
  `id` bigint(20) unsigned NOT NULL AUTO_INCREMENT,
  `device_id` bigint(20) unsigned NOT NULL,
  `type` varchar(255) NOT NULL,
  `status` varchar(255) NOT NULL,
  `additional_information` blob NOT NULL,
  `created_at` timestamp NULL DEFAULT NULL,
  `updated_at` timestamp NULL DEFAULT NULL,
  PRIMARY KEY (`id`),
  KEY `sensors_device_id_foreign` (`device_id`),
  CONSTRAINT `sensors_device_id_foreign` FOREIGN KEY (`device_id`) REFERENCES `devices` (`id`) ON DELETE CASCADE
) ENGINE=InnoDB AUTO_INCREMENT=6982 DEFAULT CHARSET=utf8mb4 COLLATE=utf8mb4_unicode_ci;
/*!40101 SET character_set_client = @saved_cs_client */;

--
-- Dumping data for table `sensors`
--

LOCK TABLES `sensors` WRITE;
/*!40000 ALTER TABLE `sensors` DISABLE KEYS */;
INSERT INTO `sensors` VALUES (6542,15610,'Vantage Vue Temperature','0','',NULL,NULL),(6543,15610,'Vantage Vue  Humidity Sensor','0','',NULL,NULL),(6544,15610,'Vantage Vue Rain Gauge','0','',NULL,NULL),(6545,15610,'Vantage Vue Anemometer (speed)','0','',NULL,NULL),(6546,15610,'Vantage Vue Anemometer (direction)','0','',NULL,NULL),(6547,15610,'Vantage Vue Barometric Pressure Sensor','0','',NULL,NULL),(6548,15611,'Vantage Vue Temperature','1','',NULL,NULL),(6549,15611,'Vantage Vue  Humidity Sensor','1','',NULL,NULL),(6550,15611,'Vantage Vue Rain Gauge','1','',NULL,NULL),(6551,15611,'Vantage Vue Anemometer (speed)','1','',NULL,NULL),(6552,15611,'Vantage Vue Anemometer (direction)','1','',NULL,NULL),(6553,15611,'Vantage Vue Barometric Pressure Sensor','1','',NULL,NULL),(6554,15612,'Vantage Vue Temperature','0','',NULL,NULL),(6555,15612,'Vantage Vue  Humidity Sensor','0','',NULL,NULL),(6556,15612,'Vantage Vue Rain Gauge','0','',NULL,NULL),(6557,15612,'Vantage Vue Anemometer (speed)','0','',NULL,NULL),(6558,15612,'Vantage Vue Anemometer (direction)','0','',NULL,NULL),(6559,15612,'Vantage Vue Barometric Pressure Sensor','0','',NULL,NULL),(6560,15613,'Vantage Vue Temperature','0','',NULL,NULL),(6561,15613,'Vantage Vue  Humidity Sensor','0','',NULL,NULL),(6562,15613,'Vantage Vue Rain Gauge','0','',NULL,NULL),(6563,15613,'Vantage Vue Anemometer (speed)','0','',NULL,NULL),(6564,15613,'Vantage Vue Anemometer (direction)','0','',NULL,NULL),(6565,15613,'Vantage Vue Barometric Pressure Sensor','0','',NULL,NULL),(6566,15614,'Vantage Vue Temperature','0','',NULL,NULL),(6567,15614,'Vantage Vue  Humidity Sensor','0','',NULL,NULL),(6568,15614,'Vantage Vue Rain Gauge','0','',NULL,NULL),(6569,15614,'Vantage Vue Anemometer (speed)','0','',NULL,NULL),(6570,15614,'Vantage Vue Anemometer (direction)','0','',NULL,NULL),(6571,15614,'Vantage Vue Barometric Pressure Sensor','0','',NULL,NULL),(6572,15615,'Vantage Vue Temperature','0','',NULL,NULL),(6573,15615,'Vantage Vue  Humidity Sensor','0','',NULL,NULL),(6574,15615,'Vantage Vue Rain Gauge','0','',NULL,NULL),(6575,15615,'Vantage Vue Anemometer (speed)','0','',NULL,NULL),(6576,15615,'Vantage Vue Anemometer (direction)','0','',NULL,NULL),(6577,15615,'Vantage Vue Barometric Pressure Sensor','0','',NULL,NULL),(6578,15616,'Vantage Vue Temperature','0','',NULL,NULL),(6579,15616,'Vantage Vue  Humidity Sensor','0','',NULL,NULL),(6580,15616,'Vantage Vue Rain Gauge','0','',NULL,NULL),(6581,15616,'Vantage Vue Anemometer (speed)','0','',NULL,NULL),(6582,15616,'Vantage Vue Anemometer (direction)','0','',NULL,NULL),(6583,15616,'Vantage Vue Barometric Pressure Sensor','0','',NULL,NULL),(6584,15617,'Vantage Vue Temperature','0','',NULL,NULL),(6585,15617,'Vantage Vue  Humidity Sensor','0','',NULL,NULL),(6586,15617,'Vantage Vue Rain Gauge','0','',NULL,NULL),(6587,15617,'Vantage Vue Anemometer (speed)','0','',NULL,NULL),(6588,15617,'Vantage Vue Anemometer (direction)','0','',NULL,NULL),(6589,15617,'Vantage Vue Barometric Pressure Sensor','0','',NULL,NULL),(6590,15618,'Vantage Vue Temperature','0','',NULL,NULL),(6591,15618,'Vantage Vue  Humidity Sensor','0','',NULL,NULL),(6592,15618,'Vantage Vue Rain Gauge','0','',NULL,NULL),(6593,15618,'Vantage Vue Anemometer (speed)','0','',NULL,NULL),(6594,15618,'Vantage Vue Anemometer (direction)','0','',NULL,NULL),(6595,15618,'Vantage Vue Barometric Pressure Sensor','0','',NULL,NULL),(6596,15619,'Vantage Vue Temperature','0','',NULL,NULL),(6597,15619,'Vantage Vue  Humidity Sensor','0','',NULL,NULL),(6598,15619,'Vantage Vue Rain Gauge','0','',NULL,NULL),(6599,15619,'Vantage Vue Anemometer (speed)','0','',NULL,NULL),(6600,15619,'Vantage Vue Anemometer (direction)','0','',NULL,NULL),(6601,15619,'Vantage Vue Barometric Pressure Sensor','0','',NULL,NULL),(6602,15620,'THGR800 temperature','1','',NULL,NULL),(6603,15620,'THGR800 Humidity','1','',NULL,NULL),(6604,15620,'PCR800  Rai','1','',NULL,NULL),(6605,15620,'WGR800  Anemometer (speed)','1','',NULL,NULL),(6606,15620,'WGR800  Anemometer (direction)','1','',NULL,NULL),(6607,15621,'THGR800 temperature','1','',NULL,NULL),(6608,15621,'THGR800 Humidity','1','',NULL,NULL),(6609,15621,'PCR800  Rai','1','',NULL,NULL),(6610,15621,'WGR800  Anemometer (speed)','1','',NULL,NULL),(6611,15621,'WGR800  Anemometer (direction)','1','',NULL,NULL),(6612,15622,'THGR800 temperature','0','',NULL,NULL),(6613,15622,'THGR800 Humidity','0','',NULL,NULL),(6614,15622,'PCR800  Rai','0','',NULL,NULL),(6615,15622,'WGR800  Anemometer (speed)','0','',NULL,NULL),(6616,15622,'WGR800  Anemometer (direction)','0','',NULL,NULL),(6617,15623,'THGR800 temperature','0','',NULL,NULL),(6618,15623,'THGR800 Humidity','0','',NULL,NULL),(6619,15623,'PCR800  Rai','0','',NULL,NULL),(6620,15623,'WGR800  Anemometer (speed)','0','',NULL,NULL),(6621,15623,'WGR800  Anemometer (direction)','0','',NULL,NULL),(6622,15624,'THGR800 temperature','0','',NULL,NULL),(6623,15624,'THGR800 Humidity','0','',NULL,NULL),(6624,15624,'PCR800  Rai','0','',NULL,NULL),(6625,15624,'WGR800  Anemometer (speed)','0','',NULL,NULL),(6626,15624,'WGR800  Anemometer (direction)','0','',NULL,NULL),(6627,15625,'THGR800 temperature','0','',NULL,NULL),(6628,15625,'THGR800 Humidity','0','',NULL,NULL),(6629,15625,'PCR800  Rai','0','',NULL,NULL),(6630,15625,'WGR800  Anemometer (speed)','0','',NULL,NULL),(6631,15625,'WGR800  Anemometer (direction)','0','',NULL,NULL),(6632,15626,'THGR800 temperature','0','',NULL,NULL),(6633,15626,'THGR800 Humidity','0','',NULL,NULL),(6634,15626,'PCR800  Rai','0','',NULL,NULL),(6635,15626,'WGR800  Anemometer (speed)','0','',NULL,NULL),(6636,15626,'WGR800  Anemometer (direction)','0','',NULL,NULL),(6637,15627,'THGR800 temperature','0','',NULL,NULL),(6638,15627,'THGR800 Humidity','0','',NULL,NULL),(6639,15627,'PCR800  Rai','0','',NULL,NULL),(6640,15627,'WGR800  Anemometer (speed)','0','',NULL,NULL),(6641,15627,'WGR800  Anemometer (direction)','0','',NULL,NULL),(6642,15628,'THGR800 temperature','0','',NULL,NULL),(6643,15628,'THGR800 Humidity','0','',NULL,NULL),(6644,15628,'PCR800  Rai','0','',NULL,NULL),(6645,15628,'WGR800  Anemometer (speed)','0','',NULL,NULL),(6646,15628,'WGR800  Anemometer (direction)','0','',NULL,NULL),(6647,15629,'THGR800 temperature','0','',NULL,NULL),(6648,15629,'THGR800 Humidity','0','',NULL,NULL),(6649,15629,'PCR800  Rai','0','',NULL,NULL),(6650,15629,'WGR800  Anemometer (speed)','0','',NULL,NULL),(6651,15629,'WGR800  Anemometer (direction)','0','',NULL,NULL),(6652,15610,'Vantage Vue Temperature','0','',NULL,NULL),(6653,15610,'Vantage Vue  Humidity Sensor','0','',NULL,NULL),(6654,15610,'Vantage Vue Rain Gauge','0','',NULL,NULL),(6655,15610,'Vantage Vue Anemometer (speed)','0','',NULL,NULL),(6656,15610,'Vantage Vue Anemometer (direction)','0','',NULL,NULL),(6657,15610,'Vantage Vue Barometric Pressure Sensor','0','',NULL,NULL),(6658,15611,'Vantage Vue Temperature','1','',NULL,NULL),(6659,15611,'Vantage Vue  Humidity Sensor','1','',NULL,NULL),(6660,15611,'Vantage Vue Rain Gauge','1','',NULL,NULL),(6661,15611,'Vantage Vue Anemometer (speed)','1','',NULL,NULL),(6662,15611,'Vantage Vue Anemometer (direction)','1','',NULL,NULL),(6663,15611,'Vantage Vue Barometric Pressure Sensor','1','',NULL,NULL),(6664,15612,'Vantage Vue Temperature','0','',NULL,NULL),(6665,15612,'Vantage Vue  Humidity Sensor','0','',NULL,NULL),(6666,15612,'Vantage Vue Rain Gauge','0','',NULL,NULL),(6667,15612,'Vantage Vue Anemometer (speed)','0','',NULL,NULL),(6668,15612,'Vantage Vue Anemometer (direction)','0','',NULL,NULL),(6669,15612,'Vantage Vue Barometric Pressure Sensor','0','',NULL,NULL),(6670,15613,'Vantage Vue Temperature','0','',NULL,NULL),(6671,15613,'Vantage Vue  Humidity Sensor','0','',NULL,NULL),(6672,15613,'Vantage Vue Rain Gauge','0','',NULL,NULL),(6673,15613,'Vantage Vue Anemometer (speed)','0','',NULL,NULL),(6674,15613,'Vantage Vue Anemometer (direction)','0','',NULL,NULL),(6675,15613,'Vantage Vue Barometric Pressure Sensor','0','',NULL,NULL),(6676,15614,'Vantage Vue Temperature','0','',NULL,NULL),(6677,15614,'Vantage Vue  Humidity Sensor','0','',NULL,NULL),(6678,15614,'Vantage Vue Rain Gauge','0','',NULL,NULL),(6679,15614,'Vantage Vue Anemometer (speed)','0','',NULL,NULL),(6680,15614,'Vantage Vue Anemometer (direction)','0','',NULL,NULL),(6681,15614,'Vantage Vue Barometric Pressure Sensor','0','',NULL,NULL),(6682,15615,'Vantage Vue Temperature','0','',NULL,NULL),(6683,15615,'Vantage Vue  Humidity Sensor','0','',NULL,NULL),(6684,15615,'Vantage Vue Rain Gauge','0','',NULL,NULL),(6685,15615,'Vantage Vue Anemometer (speed)','0','',NULL,NULL),(6686,15615,'Vantage Vue Anemometer (direction)','0','',NULL,NULL),(6687,15615,'Vantage Vue Barometric Pressure Sensor','0','',NULL,NULL),(6688,15616,'Vantage Vue Temperature','0','',NULL,NULL),(6689,15616,'Vantage Vue  Humidity Sensor','0','',NULL,NULL),(6690,15616,'Vantage Vue Rain Gauge','0','',NULL,NULL),(6691,15616,'Vantage Vue Anemometer (speed)','0','',NULL,NULL),(6692,15616,'Vantage Vue Anemometer (direction)','0','',NULL,NULL),(6693,15616,'Vantage Vue Barometric Pressure Sensor','0','',NULL,NULL),(6694,15617,'Vantage Vue Temperature','0','',NULL,NULL),(6695,15617,'Vantage Vue  Humidity Sensor','0','',NULL,NULL),(6696,15617,'Vantage Vue Rain Gauge','0','',NULL,NULL),(6697,15617,'Vantage Vue Anemometer (speed)','0','',NULL,NULL),(6698,15617,'Vantage Vue Anemometer (direction)','0','',NULL,NULL),(6699,15617,'Vantage Vue Barometric Pressure Sensor','0','',NULL,NULL),(6700,15618,'Vantage Vue Temperature','0','',NULL,NULL),(6701,15618,'Vantage Vue  Humidity Sensor','0','',NULL,NULL),(6702,15618,'Vantage Vue Rain Gauge','0','',NULL,NULL),(6703,15618,'Vantage Vue Anemometer (speed)','0','',NULL,NULL),(6704,15618,'Vantage Vue Anemometer (direction)','0','',NULL,NULL),(6705,15618,'Vantage Vue Barometric Pressure Sensor','0','',NULL,NULL),(6706,15619,'Vantage Vue Temperature','0','',NULL,NULL),(6707,15619,'Vantage Vue  Humidity Sensor','0','',NULL,NULL),(6708,15619,'Vantage Vue Rain Gauge','0','',NULL,NULL),(6709,15619,'Vantage Vue Anemometer (speed)','0','',NULL,NULL),(6710,15619,'Vantage Vue Anemometer (direction)','0','',NULL,NULL),(6711,15619,'Vantage Vue Barometric Pressure Sensor','0','',NULL,NULL),(6712,15620,'THGR800 temperature','1','',NULL,NULL),(6713,15620,'THGR800 Humidity','1','',NULL,NULL),(6714,15620,'PCR800  Rai','1','',NULL,NULL),(6715,15620,'WGR800  Anemometer (speed)','1','',NULL,NULL),(6716,15620,'WGR800  Anemometer (direction)','1','',NULL,NULL),(6717,15621,'THGR800 temperature','0','',NULL,NULL),(6718,15621,'THGR800 Humidity','0','',NULL,NULL),(6719,15621,'PCR800  Rai','0','',NULL,NULL),(6720,15621,'WGR800  Anemometer (speed)','0','',NULL,NULL),(6721,15621,'WGR800  Anemometer (direction)','0','',NULL,NULL),(6722,15622,'THGR800 temperature','0','',NULL,NULL),(6723,15622,'THGR800 Humidity','0','',NULL,NULL),(6724,15622,'PCR800  Rai','0','',NULL,NULL),(6725,15622,'WGR800  Anemometer (speed)','0','',NULL,NULL),(6726,15622,'WGR800  Anemometer (direction)','0','',NULL,NULL),(6727,15623,'THGR800 temperature','0','',NULL,NULL),(6728,15623,'THGR800 Humidity','0','',NULL,NULL),(6729,15623,'PCR800  Rai','0','',NULL,NULL),(6730,15623,'WGR800  Anemometer (speed)','0','',NULL,NULL),(6731,15623,'WGR800  Anemometer (direction)','0','',NULL,NULL),(6732,15624,'THGR800 temperature','0','',NULL,NULL),(6733,15624,'THGR800 Humidity','0','',NULL,NULL),(6734,15624,'PCR800  Rai','0','',NULL,NULL),(6735,15624,'WGR800  Anemometer (speed)','0','',NULL,NULL),(6736,15624,'WGR800  Anemometer (direction)','0','',NULL,NULL),(6737,15625,'THGR800 temperature','0','',NULL,NULL),(6738,15625,'THGR800 Humidity','0','',NULL,NULL),(6739,15625,'PCR800  Rai','0','',NULL,NULL),(6740,15625,'WGR800  Anemometer (speed)','0','',NULL,NULL),(6741,15625,'WGR800  Anemometer (direction)','0','',NULL,NULL),(6742,15626,'THGR800 temperature','0','',NULL,NULL),(6743,15626,'THGR800 Humidity','0','',NULL,NULL),(6744,15626,'PCR800  Rai','0','',NULL,NULL),(6745,15626,'WGR800  Anemometer (speed)','0','',NULL,NULL),(6746,15626,'WGR800  Anemometer (direction)','0','',NULL,NULL),(6747,15627,'THGR800 temperature','0','',NULL,NULL),(6748,15627,'THGR800 Humidity','0','',NULL,NULL),(6749,15627,'PCR800  Rai','0','',NULL,NULL),(6750,15627,'WGR800  Anemometer (speed)','0','',NULL,NULL),(6751,15627,'WGR800  Anemometer (direction)','0','',NULL,NULL),(6752,15628,'THGR800 temperature','0','',NULL,NULL),(6753,15628,'THGR800 Humidity','0','',NULL,NULL),(6754,15628,'PCR800  Rai','0','',NULL,NULL),(6755,15628,'WGR800  Anemometer (speed)','0','',NULL,NULL),(6756,15628,'WGR800  Anemometer (direction)','0','',NULL,NULL),(6757,15629,'THGR800 temperature','0','',NULL,NULL),(6758,15629,'THGR800 Humidity','0','',NULL,NULL),(6759,15629,'PCR800  Rai','0','',NULL,NULL),(6760,15629,'WGR800  Anemometer (speed)','0','',NULL,NULL),(6761,15629,'WGR800  Anemometer (direction)','0','',NULL,NULL),(6762,15610,'Vantage Vue Temperature','0','',NULL,NULL),(6763,15610,'Vantage Vue  Humidity Sensor','0','',NULL,NULL),(6764,15610,'Vantage Vue Rain Gauge','0','',NULL,NULL),(6765,15610,'Vantage Vue Anemometer (speed)','0','',NULL,NULL),(6766,15610,'Vantage Vue Anemometer (direction)','0','',NULL,NULL),(6767,15610,'Vantage Vue Barometric Pressure Sensor','0','',NULL,NULL),(6768,15611,'Vantage Vue Temperature','1','',NULL,NULL),(6769,15611,'Vantage Vue  Humidity Sensor','1','',NULL,NULL),(6770,15611,'Vantage Vue Rain Gauge','1','',NULL,NULL),(6771,15611,'Vantage Vue Anemometer (speed)','1','',NULL,NULL),(6772,15611,'Vantage Vue Anemometer (direction)','1','',NULL,NULL),(6773,15611,'Vantage Vue Barometric Pressure Sensor','1','',NULL,NULL),(6774,15612,'Vantage Vue Temperature','0','',NULL,NULL),(6775,15612,'Vantage Vue  Humidity Sensor','0','',NULL,NULL),(6776,15612,'Vantage Vue Rain Gauge','0','',NULL,NULL),(6777,15612,'Vantage Vue Anemometer (speed)','0','',NULL,NULL),(6778,15612,'Vantage Vue Anemometer (direction)','0','',NULL,NULL),(6779,15612,'Vantage Vue Barometric Pressure Sensor','0','',NULL,NULL),(6780,15613,'Vantage Vue Temperature','0','',NULL,NULL),(6781,15613,'Vantage Vue  Humidity Sensor','0','',NULL,NULL),(6782,15613,'Vantage Vue Rain Gauge','0','',NULL,NULL),(6783,15613,'Vantage Vue Anemometer (speed)','0','',NULL,NULL),(6784,15613,'Vantage Vue Anemometer (direction)','0','',NULL,NULL),(6785,15613,'Vantage Vue Barometric Pressure Sensor','0','',NULL,NULL),(6786,15614,'Vantage Vue Temperature','0','',NULL,NULL),(6787,15614,'Vantage Vue  Humidity Sensor','0','',NULL,NULL),(6788,15614,'Vantage Vue Rain Gauge','0','',NULL,NULL),(6789,15614,'Vantage Vue Anemometer (speed)','0','',NULL,NULL),(6790,15614,'Vantage Vue Anemometer (direction)','0','',NULL,NULL),(6791,15614,'Vantage Vue Barometric Pressure Sensor','0','',NULL,NULL),(6792,15615,'Vantage Vue Temperature','0','',NULL,NULL),(6793,15615,'Vantage Vue  Humidity Sensor','0','',NULL,NULL),(6794,15615,'Vantage Vue Rain Gauge','0','',NULL,NULL),(6795,15615,'Vantage Vue Anemometer (speed)','0','',NULL,NULL),(6796,15615,'Vantage Vue Anemometer (direction)','0','',NULL,NULL),(6797,15615,'Vantage Vue Barometric Pressure Sensor','0','',NULL,NULL),(6798,15616,'Vantage Vue Temperature','0','',NULL,NULL),(6799,15616,'Vantage Vue  Humidity Sensor','0','',NULL,NULL),(6800,15616,'Vantage Vue Rain Gauge','0','',NULL,NULL),(6801,15616,'Vantage Vue Anemometer (speed)','0','',NULL,NULL),(6802,15616,'Vantage Vue Anemometer (direction)','0','',NULL,NULL),(6803,15616,'Vantage Vue Barometric Pressure Sensor','0','',NULL,NULL),(6804,15617,'Vantage Vue Temperature','0','',NULL,NULL),(6805,15617,'Vantage Vue  Humidity Sensor','0','',NULL,NULL),(6806,15617,'Vantage Vue Rain Gauge','0','',NULL,NULL),(6807,15617,'Vantage Vue Anemometer (speed)','0','',NULL,NULL),(6808,15617,'Vantage Vue Anemometer (direction)','0','',NULL,NULL),(6809,15617,'Vantage Vue Barometric Pressure Sensor','0','',NULL,NULL),(6810,15618,'Vantage Vue Temperature','0','',NULL,NULL),(6811,15618,'Vantage Vue  Humidity Sensor','0','',NULL,NULL),(6812,15618,'Vantage Vue Rain Gauge','0','',NULL,NULL),(6813,15618,'Vantage Vue Anemometer (speed)','0','',NULL,NULL),(6814,15618,'Vantage Vue Anemometer (direction)','0','',NULL,NULL),(6815,15618,'Vantage Vue Barometric Pressure Sensor','0','',NULL,NULL),(6816,15619,'Vantage Vue Temperature','0','',NULL,NULL),(6817,15619,'Vantage Vue  Humidity Sensor','0','',NULL,NULL),(6818,15619,'Vantage Vue Rain Gauge','0','',NULL,NULL),(6819,15619,'Vantage Vue Anemometer (speed)','0','',NULL,NULL),(6820,15619,'Vantage Vue Anemometer (direction)','0','',NULL,NULL),(6821,15619,'Vantage Vue Barometric Pressure Sensor','0','',NULL,NULL),(6822,15620,'THGR800 temperature','1','',NULL,NULL),(6823,15620,'THGR800 Humidity','1','',NULL,NULL),(6824,15620,'PCR800  Rai','1','',NULL,NULL),(6825,15620,'WGR800  Anemometer (speed)','1','',NULL,NULL),(6826,15620,'WGR800  Anemometer (direction)','1','',NULL,NULL),(6827,15621,'THGR800 temperature','0','',NULL,NULL),(6828,15621,'THGR800 Humidity','0','',NULL,NULL),(6829,15621,'PCR800  Rai','0','',NULL,NULL),(6830,15621,'WGR800  Anemometer (speed)','0','',NULL,NULL),(6831,15621,'WGR800  Anemometer (direction)','0','',NULL,NULL),(6832,15622,'THGR800 temperature','0','',NULL,NULL),(6833,15622,'THGR800 Humidity','0','',NULL,NULL),(6834,15622,'PCR800  Rai','0','',NULL,NULL),(6835,15622,'WGR800  Anemometer (speed)','0','',NULL,NULL),(6836,15622,'WGR800  Anemometer (direction)','0','',NULL,NULL),(6837,15623,'THGR800 temperature','0','',NULL,NULL),(6838,15623,'THGR800 Humidity','0','',NULL,NULL),(6839,15623,'PCR800  Rai','0','',NULL,NULL),(6840,15623,'WGR800  Anemometer (speed)','0','',NULL,NULL),(6841,15623,'WGR800  Anemometer (direction)','0','',NULL,NULL),(6842,15624,'THGR800 temperature','0','',NULL,NULL),(6843,15624,'THGR800 Humidity','0','',NULL,NULL),(6844,15624,'PCR800  Rai','0','',NULL,NULL),(6845,15624,'WGR800  Anemometer (speed)','0','',NULL,NULL),(6846,15624,'WGR800  Anemometer (direction)','0','',NULL,NULL),(6847,15625,'THGR800 temperature','0','',NULL,NULL),(6848,15625,'THGR800 Humidity','0','',NULL,NULL),(6849,15625,'PCR800  Rai','0','',NULL,NULL),(6850,15625,'WGR800  Anemometer (speed)','0','',NULL,NULL),(6851,15625,'WGR800  Anemometer (direction)','0','',NULL,NULL),(6852,15626,'THGR800 temperature','0','',NULL,NULL),(6853,15626,'THGR800 Humidity','0','',NULL,NULL),(6854,15626,'PCR800  Rai','0','',NULL,NULL),(6855,15626,'WGR800  Anemometer (speed)','0','',NULL,NULL),(6856,15626,'WGR800  Anemometer (direction)','0','',NULL,NULL),(6857,15627,'THGR800 temperature','0','',NULL,NULL),(6858,15627,'THGR800 Humidity','0','',NULL,NULL),(6859,15627,'PCR800  Rai','0','',NULL,NULL),(6860,15627,'WGR800  Anemometer (speed)','0','',NULL,NULL),(6861,15627,'WGR800  Anemometer (direction)','0','',NULL,NULL),(6862,15628,'THGR800 temperature','0','',NULL,NULL),(6863,15628,'THGR800 Humidity','0','',NULL,NULL),(6864,15628,'PCR800  Rai','0','',NULL,NULL),(6865,15628,'WGR800  Anemometer (speed)','0','',NULL,NULL),(6866,15628,'WGR800  Anemometer (direction)','0','',NULL,NULL),(6867,15629,'THGR800 temperature','0','',NULL,NULL),(6868,15629,'THGR800 Humidity','0','',NULL,NULL),(6869,15629,'PCR800  Rai','0','',NULL,NULL),(6870,15629,'WGR800  Anemometer (speed)','0','',NULL,NULL),(6871,15629,'WGR800  Anemometer (direction)','0','',NULL,NULL),(6872,15610,'Vantage Vue Temperature','0','',NULL,NULL),(6873,15610,'Vantage Vue  Humidity Sensor','0','',NULL,NULL),(6874,15610,'Vantage Vue Rain Gauge','0','',NULL,NULL),(6875,15610,'Vantage Vue Anemometer (speed)','0','',NULL,NULL),(6876,15610,'Vantage Vue Anemometer (direction)','0','',NULL,NULL),(6877,15610,'Vantage Vue Barometric Pressure Sensor','0','',NULL,NULL),(6878,15611,'Vantage Vue Temperature','1','',NULL,NULL),(6879,15611,'Vantage Vue  Humidity Sensor','1','',NULL,NULL),(6880,15611,'Vantage Vue Rain Gauge','1','',NULL,NULL),(6881,15611,'Vantage Vue Anemometer (speed)','1','',NULL,NULL),(6882,15611,'Vantage Vue Anemometer (direction)','1','',NULL,NULL),(6883,15611,'Vantage Vue Barometric Pressure Sensor','1','',NULL,NULL),(6884,15612,'Vantage Vue Temperature','0','',NULL,NULL),(6885,15612,'Vantage Vue  Humidity Sensor','0','',NULL,NULL),(6886,15612,'Vantage Vue Rain Gauge','0','',NULL,NULL),(6887,15612,'Vantage Vue Anemometer (speed)','0','',NULL,NULL),(6888,15612,'Vantage Vue Anemometer (direction)','0','',NULL,NULL),(6889,15612,'Vantage Vue Barometric Pressure Sensor','0','',NULL,NULL),(6890,15613,'Vantage Vue Temperature','0','',NULL,NULL),(6891,15613,'Vantage Vue  Humidity Sensor','0','',NULL,NULL),(6892,15613,'Vantage Vue Rain Gauge','0','',NULL,NULL),(6893,15613,'Vantage Vue Anemometer (speed)','0','',NULL,NULL),(6894,15613,'Vantage Vue Anemometer (direction)','0','',NULL,NULL),(6895,15613,'Vantage Vue Barometric Pressure Sensor','0','',NULL,NULL),(6896,15614,'Vantage Vue Temperature','0','',NULL,NULL),(6897,15614,'Vantage Vue  Humidity Sensor','0','',NULL,NULL),(6898,15614,'Vantage Vue Rain Gauge','0','',NULL,NULL),(6899,15614,'Vantage Vue Anemometer (speed)','0','',NULL,NULL),(6900,15614,'Vantage Vue Anemometer (direction)','0','',NULL,NULL),(6901,15614,'Vantage Vue Barometric Pressure Sensor','0','',NULL,NULL),(6902,15615,'Vantage Vue Temperature','0','',NULL,NULL),(6903,15615,'Vantage Vue  Humidity Sensor','0','',NULL,NULL),(6904,15615,'Vantage Vue Rain Gauge','0','',NULL,NULL),(6905,15615,'Vantage Vue Anemometer (speed)','0','',NULL,NULL),(6906,15615,'Vantage Vue Anemometer (direction)','0','',NULL,NULL),(6907,15615,'Vantage Vue Barometric Pressure Sensor','0','',NULL,NULL),(6908,15616,'Vantage Vue Temperature','0','',NULL,NULL),(6909,15616,'Vantage Vue  Humidity Sensor','0','',NULL,NULL),(6910,15616,'Vantage Vue Rain Gauge','0','',NULL,NULL),(6911,15616,'Vantage Vue Anemometer (speed)','0','',NULL,NULL),(6912,15616,'Vantage Vue Anemometer (direction)','0','',NULL,NULL),(6913,15616,'Vantage Vue Barometric Pressure Sensor','0','',NULL,NULL),(6914,15617,'Vantage Vue Temperature','0','',NULL,NULL),(6915,15617,'Vantage Vue  Humidity Sensor','0','',NULL,NULL),(6916,15617,'Vantage Vue Rain Gauge','0','',NULL,NULL),(6917,15617,'Vantage Vue Anemometer (speed)','0','',NULL,NULL),(6918,15617,'Vantage Vue Anemometer (direction)','0','',NULL,NULL),(6919,15617,'Vantage Vue Barometric Pressure Sensor','0','',NULL,NULL),(6920,15618,'Vantage Vue Temperature','0','',NULL,NULL),(6921,15618,'Vantage Vue  Humidity Sensor','0','',NULL,NULL),(6922,15618,'Vantage Vue Rain Gauge','0','',NULL,NULL),(6923,15618,'Vantage Vue Anemometer (speed)','0','',NULL,NULL),(6924,15618,'Vantage Vue Anemometer (direction)','0','',NULL,NULL),(6925,15618,'Vantage Vue Barometric Pressure Sensor','0','',NULL,NULL),(6926,15619,'Vantage Vue Temperature','0','',NULL,NULL),(6927,15619,'Vantage Vue  Humidity Sensor','0','',NULL,NULL),(6928,15619,'Vantage Vue Rain Gauge','0','',NULL,NULL),(6929,15619,'Vantage Vue Anemometer (speed)','0','',NULL,NULL),(6930,15619,'Vantage Vue Anemometer (direction)','0','',NULL,NULL),(6931,15619,'Vantage Vue Barometric Pressure Sensor','0','',NULL,NULL),(6932,15620,'THGR800 temperature','1','',NULL,NULL),(6933,15620,'THGR800 Humidity','1','',NULL,NULL),(6934,15620,'PCR800  Rai','1','',NULL,NULL),(6935,15620,'WGR800  Anemometer (speed)','1','',NULL,NULL),(6936,15620,'WGR800  Anemometer (direction)','1','',NULL,NULL),(6937,15621,'THGR800 temperature','0','',NULL,NULL),(6938,15621,'THGR800 Humidity','0','',NULL,NULL),(6939,15621,'PCR800  Rai','0','',NULL,NULL),(6940,15621,'WGR800  Anemometer (speed)','0','',NULL,NULL),(6941,15621,'WGR800  Anemometer (direction)','0','',NULL,NULL),(6942,15622,'THGR800 temperature','0','',NULL,NULL),(6943,15622,'THGR800 Humidity','0','',NULL,NULL),(6944,15622,'PCR800  Rai','0','',NULL,NULL),(6945,15622,'WGR800  Anemometer (speed)','0','',NULL,NULL),(6946,15622,'WGR800  Anemometer (direction)','0','',NULL,NULL),(6947,15623,'THGR800 temperature','0','',NULL,NULL),(6948,15623,'THGR800 Humidity','0','',NULL,NULL),(6949,15623,'PCR800  Rai','0','',NULL,NULL),(6950,15623,'WGR800  Anemometer (speed)','0','',NULL,NULL),(6951,15623,'WGR800  Anemometer (direction)','0','',NULL,NULL),(6952,15624,'THGR800 temperature','0','',NULL,NULL),(6953,15624,'THGR800 Humidity','0','',NULL,NULL),(6954,15624,'PCR800  Rai','0','',NULL,NULL),(6955,15624,'WGR800  Anemometer (speed)','0','',NULL,NULL),(6956,15624,'WGR800  Anemometer (direction)','0','',NULL,NULL),(6957,15625,'THGR800 temperature','0','',NULL,NULL),(6958,15625,'THGR800 Humidity','0','',NULL,NULL),(6959,15625,'PCR800  Rai','0','',NULL,NULL),(6960,15625,'WGR800  Anemometer (speed)','0','',NULL,NULL),(6961,15625,'WGR800  Anemometer (direction)','0','',NULL,NULL),(6962,15626,'THGR800 temperature','0','',NULL,NULL),(6963,15626,'THGR800 Humidity','0','',NULL,NULL),(6964,15626,'PCR800  Rai','0','',NULL,NULL),(6965,15626,'WGR800  Anemometer (speed)','0','',NULL,NULL),(6966,15626,'WGR800  Anemometer (direction)','0','',NULL,NULL),(6967,15627,'THGR800 temperature','0','',NULL,NULL),(6968,15627,'THGR800 Humidity','0','',NULL,NULL),(6969,15627,'PCR800  Rai','0','',NULL,NULL),(6970,15627,'WGR800  Anemometer (speed)','0','',NULL,NULL),(6971,15627,'WGR800  Anemometer (direction)','0','',NULL,NULL),(6972,15628,'THGR800 temperature','0','',NULL,NULL),(6973,15628,'THGR800 Humidity','0','',NULL,NULL),(6974,15628,'PCR800  Rai','0','',NULL,NULL),(6975,15628,'WGR800  Anemometer (speed)','0','',NULL,NULL),(6976,15628,'WGR800  Anemometer (direction)','0','',NULL,NULL),(6977,15629,'THGR800 temperature','0','',NULL,NULL),(6978,15629,'THGR800 Humidity','0','',NULL,NULL),(6979,15629,'PCR800  Rai','0','',NULL,NULL),(6980,15629,'WGR800  Anemometer (speed)','0','',NULL,NULL),(6981,15629,'WGR800  Anemometer (direction)','0','',NULL,NULL);
/*!40000 ALTER TABLE `sensors` ENABLE KEYS */;
UNLOCK TABLES;

/*!40103 SET TIME_ZONE=@OLD_TIME_ZONE */;

/*!40101 SET SQL_MODE=@OLD_SQL_MODE */;
/*!40014 SET FOREIGN_KEY_CHECKS=@OLD_FOREIGN_KEY_CHECKS */;
/*!40014 SET UNIQUE_CHECKS=@OLD_UNIQUE_CHECKS */;
/*!40101 SET CHARACTER_SET_CLIENT=@OLD_CHARACTER_SET_CLIENT */;
/*!40101 SET CHARACTER_SET_RESULTS=@OLD_CHARACTER_SET_RESULTS */;
/*!40101 SET COLLATION_CONNECTION=@OLD_COLLATION_CONNECTION */;
/*!40111 SET SQL_NOTES=@OLD_SQL_NOTES */;

-- Dump completed on 2024-06-26 23:11:11
